Attack_type,Precision,Recall,F1
Infilteration,0.8699034334763949,0.17547751745035442,0.2920437660407943
